Participant,Time to Send
Participant4 to 8105,957
Participant3 to 8104,74969
Participant2 to 8103,75875
Participant1 to 8102,90177,
Participant4 to 8105,20734
Participant3 to 8104,20835
Participant2 to 8103,25602
Participant1 to 8102,28299,
Participant4 to 8105,224
Participant3 to 8104,2000
Participant2 to 8103,2245
Participant1 to 8102,368301,
Participant4 to 8105,3549
Participant3 to 8104,3666
Participant2 to 8103,3854
Participant1 to 8102,6363,
Participant4 to 8105,202
Participant3 to 8104,1270
Participant2 to 8103,1347
Participant1 to 8102,28583,
Participant4 to 8105,215
Participant3 to 8104,723
Participant2 to 8103,6046
Participant1 to 8102,11972,
